Key,en,ru
game_title,Quick Draw Gunslinger 2,Ковбои: быстрая рука 2
menu_begin,Begin,Начать игру
start_series,Start Series,Начать серию
restart,Restart,Заново
win,Win,Победа
lose,Lose,Поражение
continue,Continue,Продолжить
exit,Exit,Выйти
ready,Get Ready!,Приготовиться!
falsestart,False start!,Фальстарт!
enemywins,The enemy was faster,Противник был быстрее
finish_series,Finish series,Завершить серию
continue_series,Continue series,Продолжить серию
restart_series,New series,Новая серия
yes,Yes,Да
no,No,Нет
are_you_sure,"Finish the series and save your result?","Завершить серию и записать результат?"
series_result,Series complete.\nYour result:,Серия завершена.\nВаш результат:
sure_hand,Sure Hand,Твёрдая рука
fastest_hand,Fastest Hand,Быстрая рука
steady_hand,Steady Hand,Верная рука
leaderboards_title,Leaderboards,Таблицы лидеров
score_label,Score:,Очки:
place_label,Place:,Место:
auth_prompt,"Sign in to save your result on the leaderboard.","Войдите, чтобы записать результат в таблицу лидеров."
auth_login,Sign in,Войти
auth_skip,Don't save,Без записи
leaderboard_empty,No scores yet,Пока нет результатов
your_record,Your record: {0},Ваш рекорд: {0}
